<!DOCTYPE toc
  PUBLIC "-//Sun Microsystems Inc.//DTD JavaHelp TOC Version 1.0//EN"
             "http://java.sun.com/products/javahelp/toc_1_0.dtd">

<toc version="1.0">
  <tocitem text="Documentacion de scripting" expand="true">
    <tocitem text="Guia para desarrolladores" expand="true">
      <tocitem text="Dialogos estandard" target="dialogos.estandard.html"/>
      <tocitem text="Acceso a los principales componentes de la aplicación" expand="true">
	<tocitem text="Funciones basicas" target="principales.componentes.funciones.basicas.html"/>
	<tocitem text="Modelo de objetos simplificado" target="principales.componentes.funciones.basicas.ocm.html"/>
      </tocitem>
      <tocitem text="Contenedores de datos" expand="true">
	<tocitem text="Tablas y capas" target="contenedores.de.datos.tablas.y.capas.html"/>
	<tocitem text="Esquema de una fuente de datos" target="contenedores.de.datos.esquema.de.una.fuente.de.datos.html"/>
	<tocitem text="Acceso a los fenómenos de una fuente de datos tabular" target="contenedores.de.datos.acceso.a.los.fenomenos.de.una fuente.de.datos.tabular.html"/>
	<tocitem text="Creacion de contenedores de datos vectoriales" target="contenedores.de.datos.creacion.de.contenedores.de.datos.html"/>
      </tocitem>
      <tocitem text="Manejo de geometrias" target="manejo.de.geometrias.html"/>
    </tocitem>
    <tocitem text="Guia de referencia" expand="true">
      <tocitem text="Modulo commonsdialog" target="modulo.commonsdialog.html"/>
      <tocitem text="Modulo gvsig">
	<tocitem text="Documentos gvSIG" target="modulo.gvsig.documentos.gvsig.html"/>
	<tocitem text="Datos vectoriales" target="modulo.gvsig.datos.vectoriales.html"/>
	<tocitem text="Simbologia" target="modulo.gvsig.simbologia.html"/>
      </tocitem>
      <tocitem text="Modulo geom" target="modulo.geom.html"/>
    </tocitem>
    
  </tocitem>
</toc>
